FSA,"Population, 2016",Government transfers (% of total income),Median total income of households ($),Average total income of households ($),Total - low-income status,Total visible minority population,Not a visible minority,Unemployment rate
P6B,22847.0,18.1,57710.0,73250.0,22270.0,1015.0,21380.0,10.3
P0R,12479.0,20.4,56666.0,71052.0,11710.0,145.0,12105.0,10.0
P0M,49750.0,14.2,74467.0,89105.0,47845.0,465.0,48825.0,9.2
P5A,10741.0,31.0,42466.0,57539.0,10580.0,230.0,10350.0,11.3
P0M,49750.0,14.2,74467.0,89105.0,47845.0,465.0,48825.0,9.2
P6C,19322.0,19.1,59240.0,71154.0,19310.0,245.0,19090.0,10.2
P0S,9869.0,16.1,69083.0,81464.0,9720.0,155.0,9770.0,9.4
P0M,49750.0,14.2,74467.0,89105.0,47845.0,465.0,48825.0,9.2
P5A,10741.0,31.0,42466.0,57539.0,10580.0,230.0,10350.0,11.3
P6B,22847.0,18.1,57710.0,73250.0,22270.0,1015.0,21380.0,10.3
P0R,12479.0,20.4,56666.0,71052.0,11710.0,145.0,12105.0,10.0
P6A,34720.0,15.6,65320.0,82386.0,32700.0,770.0,32720.0,10.6
K7P,21653.0,9.9,91968.0,102587.0,21450.0,2485.0,19005.0,6.4
K7M,47676.0,14.1,66454.0,83428.0,45795.0,4605.0,41300.0,8.0
K8N,28462.0,15.9,63595.0,82176.0,27940.0,1400.0,26640.0,5.6
K7K,31621.0,15.5,53314.0,67336.0,31070.0,2760.0,28440.0,9.5
K8V,27192.0,17.3,62514.0,71268.0,26680.0,920.0,25620.0,6.8
K8N,28462.0,15.9,63595.0,82176.0,27940.0,1400.0,26640.0,5.6
N0M,64764.0,12.8,75610.0,91292.0,63350.0,1080.0,62305.0,4.6
N0M,64764.0,12.8,75610.0,91292.0,63350.0,1080.0,62305.0,4.6
N0G,83818.0,14.2,67460.0,81308.0,82040.0,1165.0,80800.0,4.6
N7A,11720.0,16.8,63984.0,80963.0,11465.0,175.0,11080.0,5.4
N4W,11199.0,12.7,69504.0,84459.0,11005.0,305.0,10740.0,3.4
N0K,24378.0,12.2,74344.0,87032.0,24005.0,370.0,23530.0,3.7
N0M,64764.0,12.8,75610.0,91292.0,63350.0,1080.0,62305.0,4.6
N4X,9791.0,12.0,76434.0,90510.0,9540.0,190.0,9530.0,2.2
N5A,31302.0,13.4,64719.0,80722.0,30435.0,1665.0,28715.0,5.1
N5A,31302.0,13.4,64719.0,80722.0,30435.0,1665.0,28715.0,5.1
N0H,48330.0,14.0,69918.0,89774.0,45800.0,1025.0,46660.0,6.2
N4L,8117.0,18.8,60693.0,74878.0,7975.0,205.0,7860.0,5.7
N0C,15438.0,15.2,66944.0,89557.0,15345.0,230.0,15105.0,6.4
N4N,9901.0,17.7,58752.0,72078.0,9525.0,120.0,9330.0,5.8
N2Z,10856.0,9.6,88512.0,112488.0,10650.0,595.0,10165.0,6.4
N4K,28286.0,17.0,56712.0,74320.0,27255.0,995.0,26225.0,6.6
N0H,48330.0,14.0,69918.0,89774.0,45800.0,1025.0,46660.0,6.2
N0H,48330.0,14.0,69918.0,89774.0,45800.0,1025.0,46660.0,6.2
N0G,83818.0,14.2,67460.0,81308.0,82040.0,1165.0,80800.0,4.6
N3T,34317.0,12.9,69988.0,84707.0,33430.0,4045.0,29165.0,6.6
N3Y,22419.0,17.3,62869.0,75516.0,21595.0,640.0,20940.0,8.6
N3R,34276.0,16.5,66899.0,81133.0,33850.0,2280.0,31440.0,6.1
N3S,25765.0,20.2,52174.0,62270.0,25355.0,2150.0,23230.0,7.8
N0G,83818.0,14.2,67460.0,81308.0,82040.0,1165.0,80800.0,4.6
N4K,28286.0,17.0,56712.0,74320.0,27255.0,995.0,26225.0,6.6
K7A,16626.0,19.1,60124.0,70010.0,16355.0,350.0,15910.0,7.9
K6H,30949.0,23.0,46646.0,61974.0,28425.0,1750.0,28390.0,10.6
K7C,17666.0,11.9,81453.0,94386.0,17325.0,585.0,16870.0,5.6
K0A,103474.0,9.0,97331.0,111786.0,101990.0,2810.0,99225.0,5.0
K7H,15009.0,16.4,67651.0,81621.0,14495.0,165.0,14395.0,6.5
K6J,17644.0,23.6,47238.0,58830.0,17180.0,1040.0,16040.0,8.8
K6V,27782.0,18.1,56384.0,73355.0,26980.0,1075.0,26085.0,8.9
K6H,30949.0,23.0,46646.0,61974.0,28425.0,1750.0,28390.0,10.6
K0G,37097.0,13.1,79061.0,92336.0,36635.0,540.0,35935.0,6.4
K7A,16626.0,19.1,60124.0,70010.0,16355.0,350.0,15910.0,7.9
K4R,7435.0,7.7,109483.0,120926.0,7275.0,305.0,6885.0,4.3
K0A,103474.0,9.0,97331.0,111786.0,101990.0,2810.0,99225.0,5.0
K1G,34075.0,11.4,67205.0,84857.0,33140.0,12625.0,20515.0,10.1
K0A,103474.0,9.0,97331.0,111786.0,101990.0,2810.0,99225.0,5.0
K1N,25063.0,9.1,50203.0,72002.0,22800.0,6475.0,16330.0,11.0
K4A,54524.0,6.4,112523.0,124896.0,54260.0,15035.0,39205.0,5.7
K1G,34075.0,11.4,67205.0,84857.0,33140.0,12625.0,20515.0,10.1
K6A,12538.0,23.1,46601.0,61677.0,12095.0,405.0,11700.0,9.1
K8A,25771.0,15.9,63432.0,78182.0,24920.0,550.0,24445.0,7.3
K6H,30949.0,23.0,46646.0,61974.0,28425.0,1750.0,28390.0,10.6
K1B,17110.0,11.7,80942.0,94158.0,16835.0,4425.0,12320.0,7.3
K8V,27192.0,17.3,62514.0,71268.0,26680.0,920.0,25620.0,6.8
K2M,27028.0,6.1,113928.0,126325.0,26870.0,7000.0,19865.0,6.3
K7M,47676.0,14.1,66454.0,83428.0,45795.0,4605.0,41300.0,8.0
K2E,19034.0,11.9,72569.0,91610.0,18885.0,5565.0,13395.0,8.4
N9A,25160.0,26.5,31730.0,45683.0,24115.0,8895.0,15190.0,12.6
N9E,20688.0,11.2,88297.0,108087.0,20655.0,6025.0,14640.0,6.2
N0P,52190.0,16.1,65736.0,79332.0,50820.0,1205.0,50320.0,6.6
N5Y,34037.0,17.4,47069.0,62558.0,33985.0,8060.0,25860.0,9.7
N4T,10818.0,11.1,85792.0,104544.0,10790.0,985.0,9755.0,4.3
N4K,28286.0,17.0,56712.0,74320.0,27255.0,995.0,26225.0,6.6
N7S,27879.0,11.7,79741.0,102265.0,27125.0,2315.0,24890.0,7.7
N8N,24162.0,9.4,94848.0,121553.0,23955.0,2480.0,21535.0,4.7
L8T,19042.0,15.8,69221.0,83110.0,19020.0,2320.0,16880.0,7.3
L3B,22980.0,22.4,49180.0,60894.0,22485.0,895.0,21655.0,10.1
M2M,32320.0,11.6,60440.0,88709.0,31855.0,21575.0,9790.0,8.3
K9K,13155.0,11.4,86864.0,104216.0,12770.0,1095.0,11600.0,6.9
L4N,98663.0,11.0,81891.0,95398.0,96925.0,9625.0,87265.0,7.3
L4A,42174.0,8.5,102022.0,125112.0,41705.0,15600.0,26080.0,5.1
M1J,36699.0,20.3,54507.0,68042.0,36155.0,27675.0,8525.0,11.7
N3H,21544.0,13.4,67367.0,80482.0,20885.0,2015.0,18855.0,6.3
L4G,55445.0,5.9,106708.0,147604.0,54705.0,14695.0,40010.0,5.9
L1R,40287.0,7.0,114133.0,134024.0,39725.0,14125.0,25845.0,7.9
L5N,84829.0,8.0,100355.0,114642.0,84495.0,41415.0,43130.0,7.1
L6M,65493.0,4.7,127398.0,162998.0,64980.0,24825.0,40085.0,7.1
M6H,44950.0,10.4,63550.0,81736.0,44535.0,13905.0,30465.0,7.2
P3E,27210.0,10.4,72635.0,101633.0,26275.0,2350.0,24115.0,7.1
P0T,33027.0,17.1,66549.0,79177.0,27480.0,465.0,32415.0,11.0
P0T,33027.0,17.1,66549.0,79177.0,27480.0,465.0,32415.0,11.0
P0M,49750.0,14.2,74467.0,89105.0,47845.0,465.0,48825.0,9.2
P3P,15468.0,10.5,97324.0,104973.0,15425.0,145.0,15270.0,7.4
P0S,9869.0,16.1,69083.0,81464.0,9720.0,155.0,9770.0,9.4
P3A,24053.0,14.4,71929.0,86407.0,23185.0,1160.0,22115.0,8.2
P5A,10741.0,31.0,42466.0,57539.0,10580.0,230.0,10350.0,11.3
M5B,12785.0,6.0,49856.0,70704.0,11890.0,6635.0,5420.0,10.2
L3B,22980.0,22.4,49180.0,60894.0,22485.0,895.0,21655.0,10.1
N9B,17804.0,20.9,42170.0,54787.0,17795.0,8860.0,8890.0,13.5
M2L,11717.0,3.4,115493.0,306301.0,11620.0,5985.0,5645.0,8.2
N7S,27879.0,11.7,79741.0,102265.0,27125.0,2315.0,24890.0,7.7
N6M,5747.0,9.5,96384.0,102006.0,5695.0,1330.0,4120.0,4.3
L6H,60913.0,5.8,110184.0,145457.0,60265.0,19445.0,40830.0,6.9
L8S,14311.0,11.2,51045.0,72707.0,14000.0,4275.0,9570.0,9.8
L6Y,87654.0,12.0,81078.0,94641.0,86855.0,67095.0,19900.0,9.1
L9M,14825.0,17.8,60602.0,79797.0,13340.0,200.0,13715.0,8.8
L4C,71152.0,10.0,74046.0,105019.0,70615.0,31195.0,39300.0,7.4
L4N,98663.0,11.0,81891.0,95398.0,96925.0,9625.0,87265.0,7.3
L1V,51910.0,9.2,99216.0,117647.0,51375.0,23270.0,28285.0,8.0
M6H,44950.0,10.4,63550.0,81736.0,44535.0,13905.0,30465.0,7.2
P1B,32345.0,17.5,54886.0,70870.0,30365.0,980.0,30630.0,10.1
P0K,11374.0,16.4,66036.0,80264.0,10970.0,155.0,11140.0,11.3
P2B,9747.0,21.8,51945.0,69497.0,8990.0,125.0,9335.0,11.1
P0L,24896.0,17.8,62611.0,77819.0,18600.0,250.0,24395.0,12.2
P5N,8467.0,17.6,60134.0,75128.0,8285.0,110.0,8230.0,8.7
P1B,32345.0,17.5,54886.0,70870.0,30365.0,980.0,30630.0,10.1
P4R,4847.0,8.6,105920.0,120362.0,4825.0,65.0,4720.0,6.0
K0A,103474.0,9.0,97331.0,111786.0,101990.0,2810.0,99225.0,5.0
K0A,103474.0,9.0,97331.0,111786.0,101990.0,2810.0,99225.0,5.0
K0B,20945.0,15.0,67424.0,80285.0,20480.0,350.0,20160.0,6.0
K0A,103474.0,9.0,97331.0,111786.0,101990.0,2810.0,99225.0,5.0
K6H,30949.0,23.0,46646.0,61974.0,28425.0,1750.0,28390.0,10.6
K0C,52154.0,14.7,70388.0,82234.0,51110.0,825.0,50300.0,6.4
K4K,15368.0,11.0,87488.0,98238.0,15155.0,820.0,14235.0,4.9
K6A,12538.0,23.1,46601.0,61677.0,12095.0,405.0,11700.0,9.1
P7A,28418.0,15.1,67226.0,79095.0,27575.0,670.0,27040.0,7.8
P5N,8467.0,17.6,60134.0,75128.0,8285.0,110.0,8230.0,8.7
P0J,20848.0,17.3,60709.0,75033.0,20520.0,345.0,20095.0,8.4
P0L,24896.0,17.8,62611.0,77819.0,18600.0,250.0,24395.0,12.2
P5N,8467.0,17.6,60134.0,75128.0,8285.0,110.0,8230.0,8.7
P0L,24896.0,17.8,62611.0,77819.0,18600.0,250.0,24395.0,12.2
P0L,24896.0,17.8,62611.0,77819.0,18600.0,250.0,24395.0,12.2
P2N,7188.0,18.0,51281.0,69448.0,6960.0,115.0,6795.0,8.2
P0K,11374.0,16.4,66036.0,80264.0,10970.0,155.0,11140.0,11.3
P0J,20848.0,17.3,60709.0,75033.0,20520.0,345.0,20095.0,8.4
P4N,24575.0,14.9,63286.0,79810.0,24195.0,510.0,23770.0,8.2
P4N,24575.0,14.9,63286.0,79810.0,24195.0,510.0,23770.0,8.2
K6V,27782.0,18.1,56384.0,73355.0,26980.0,1075.0,26085.0,8.9
K4A,54524.0,6.4,112523.0,124896.0,54260.0,15035.0,39205.0,5.7
K1K,29499.0,16.2,56462.0,71588.0,28785.0,9095.0,19575.0,10.9
K2H,26402.0,9.8,86351.0,111827.0,25225.0,4690.0,20835.0,7.9
K1K,29499.0,16.2,56462.0,71588.0,28785.0,9095.0,19575.0,10.9
K1G,34075.0,11.4,67205.0,84857.0,33140.0,12625.0,20515.0,10.1
K1C,37662.0,8.7,102212.0,118694.0,36935.0,7205.0,29770.0,6.6
K8A,25771.0,15.9,63432.0,78182.0,24920.0,550.0,24445.0,7.3
K7M,47676.0,14.1,66454.0,83428.0,45795.0,4605.0,41300.0,8.0
K1W,10032.0,5.5,122368.0,136187.0,9905.0,3150.0,6760.0,5.2
K2S,32061.0,6.1,121655.0,137808.0,31515.0,3730.0,27735.0,4.6
K2J,68963.0,6.5,106679.0,120208.0,68705.0,24555.0,44100.0,5.8
K0G,37097.0,13.1,79061.0,92336.0,36635.0,540.0,35935.0,6.4
P3A,24053.0,14.4,71929.0,86407.0,23185.0,1160.0,22115.0,8.2
P3C,16249.0,21.4,41662.0,53508.0,15980.0,735.0,15180.0,12.3
P0M,49750.0,14.2,74467.0,89105.0,47845.0,465.0,48825.0,9.2
P5E,5229.0,15.4,68494.0,79362.0,5135.0,75.0,5065.0,7.2
P0R,12479.0,20.4,56666.0,71052.0,11710.0,145.0,12105.0,10.0
P3N,8125.0,11.1,91418.0,102830.0,7975.0,60.0,7785.0,7.5
P0S,9869.0,16.1,69083.0,81464.0,9720.0,155.0,9770.0,9.4
P0M,49750.0,14.2,74467.0,89105.0,47845.0,465.0,48825.0,9.2
P3C,16249.0,21.4,41662.0,53508.0,15980.0,735.0,15180.0,12.3
P6B,22847.0,18.1,57710.0,73250.0,22270.0,1015.0,21380.0,10.3
P1B,32345.0,17.5,54886.0,70870.0,30365.0,980.0,30630.0,10.1
P0H,31187.0,16.9,67116.0,81160.0,30245.0,265.0,30210.0,9.5
P2B,9747.0,21.8,51945.0,69497.0,8990.0,125.0,9335.0,11.1
L2J,14463.0,15.7,67597.0,87507.0,14320.0,1185.0,13210.0,7.1
L0R,97999.0,9.6,96701.0,114017.0,96610.0,7565.0,89200.0,4.4
L3C,31670.0,17.0,65020.0,77348.0,31365.0,1840.0,29380.0,7.7
L2S,19006.0,13.9,68701.0,85553.0,18795.0,2920.0,15975.0,6.7
L0S,55265.0,12.2,81381.0,102286.0,54100.0,2425.0,51675.0,5.7
L3B,22980.0,22.4,49180.0,60894.0,22485.0,895.0,21655.0,10.1
L2N,30648.0,15.1,67315.0,84398.0,29365.0,2610.0,26725.0,8.0
L2A,16532.0,19.3,57127.0,71769.0,16130.0,1240.0,14945.0,8.9
L2N,30648.0,15.1,67315.0,84398.0,29365.0,2610.0,26725.0,8.0
L2A,16532.0,19.3,57127.0,71769.0,16130.0,1240.0,14945.0,8.9
L3M,26845.0,10.0,93115.0,109047.0,26365.0,1420.0,24945.0,4.7
L2M,32759.0,18.5,58477.0,70754.0,32220.0,3960.0,28315.0,8.2
L2N,30648.0,15.1,67315.0,84398.0,29365.0,2610.0,26725.0,8.0
L3K,18226.0,19.7,56800.0,73367.0,17780.0,360.0,17360.0,9.7
L0S,55265.0,12.2,81381.0,102286.0,54100.0,2425.0,51675.0,5.7
L2T,10684.0,14.5,61914.0,80721.0,10480.0,1730.0,8750.0,8.4
L0R,97999.0,9.6,96701.0,114017.0,96610.0,7565.0,89200.0,4.4
L2R,24496.0,16.2,47245.0,64487.0,23585.0,2730.0,20695.0,8.8
L2G,26096.0,20.1,54289.0,66072.0,25500.0,3125.0,22395.0,9.0
L2V,16268.0,15.6,62522.0,76042.0,16125.0,1695.0,14485.0,8.7
L2H,25616.0,12.3,80348.0,92988.0,25025.0,5010.0,20085.0,6.2
P0L,24896.0,17.8,62611.0,77819.0,18600.0,250.0,24395.0,12.2
P0J,20848.0,17.3,60709.0,75033.0,20520.0,345.0,20095.0,8.4
P0L,24896.0,17.8,62611.0,77819.0,18600.0,250.0,24395.0,12.2
P0K,11374.0,16.4,66036.0,80264.0,10970.0,155.0,11140.0,11.3
P5N,8467.0,17.6,60134.0,75128.0,8285.0,110.0,8230.0,8.7
P2N,7188.0,18.0,51281.0,69448.0,6960.0,115.0,6795.0,8.2
P4N,24575.0,14.9,63286.0,79810.0,24195.0,510.0,23770.0,8.2
P0N,9420.0,11.7,83397.0,95642.0,9285.0,85.0,9100.0,8.1
P0J,20848.0,17.3,60709.0,75033.0,20520.0,345.0,20095.0,8.4
P4N,24575.0,14.9,63286.0,79810.0,24195.0,510.0,23770.0,8.2
L5M,104868.0,7.7,98908.0,121032.0,104180.0,74325.0,29645.0,8.7
L4T,38445.0,19.5,61835.0,72002.0,38275.0,31570.0,6700.0,10.7
L6P,82182.0,11.1,102070.0,116509.0,82000.0,73175.0,8650.0,7.5
L6W,22128.0,13.9,71462.0,89904.0,21930.0,10125.0,11640.0,7.9
L5B,63394.0,11.7,63412.0,76619.0,62760.0,42130.0,20595.0,9.6
L6S,53308.0,12.6,86240.0,98269.0,53260.0,30535.0,23000.0,8.1
L5J,28089.0,8.1,88843.0,123130.0,27685.0,7855.0,19880.0,7.3
L4W,20761.0,11.6,89424.0,108061.0,20050.0,6365.0,13700.0,6.2
L5L,44860.0,9.6,93909.0,118347.0,44330.0,19520.0,24830.0,8.3
L6Z,32749.0,9.6,99206.0,114453.0,32545.0,16265.0,16475.0,7.5
L5N,84829.0,8.0,100355.0,114642.0,84495.0,41415.0,43130.0,7.1
L4W,20761.0,11.6,89424.0,108061.0,20050.0,6365.0,13700.0,6.2
L7C,24632.0,7.5,114146.0,137228.0,24595.0,8440.0,16150.0,5.2
L5M,104868.0,7.7,98908.0,121032.0,104180.0,74325.0,29645.0,8.7
L6Y,87654.0,12.0,81078.0,94641.0,86855.0,67095.0,19900.0,9.1
L7A,80236.0,9.7,98633.0,105356.0,80195.0,62925.0,17460.0,8.2
L5R,37126.0,11.3,82185.0,96891.0,37075.0,27365.0,9715.0,8.5
L5V,50821.0,9.0,100925.0,113527.0,50465.0,39915.0,10795.0,9.3
L5W,24871.0,7.2,114643.0,130357.0,24725.0,19080.0,5575.0,6.8
L6R,88002.0,12.3,91710.0,101577.0,87535.0,78360.0,9095.0,8.7
L5C,29687.0,11.6,82670.0,101303.0,29660.0,16140.0,13580.0,8.4
L5E,12731.0,11.3,78933.0,97109.0,12715.0,2525.0,10275.0,7.5
L6S,53308.0,12.6,86240.0,98269.0,53260.0,30535.0,23000.0,8.1
L5M,104868.0,7.7,98908.0,121032.0,104180.0,74325.0,29645.0,8.7
L7E,33934.0,7.6,112722.0,134624.0,33760.0,3140.0,30580.0,6.0
L6X,67070.0,10.8,90087.0,101989.0,66710.0,46535.0,19915.0,8.4
L1P,17479.0,7.3,109137.0,129180.0,17465.0,6035.0,11125.0,8.8
L1S,40689.0,11.4,83781.0,98757.0,40470.0,14035.0,26545.0,8.8
L1N,47572.0,11.0,85673.0,100360.0,46575.0,8335.0,38375.0,7.7
L1R,40287.0,7.0,114133.0,134024.0,39725.0,14125.0,25845.0,7.9
L1H,31261.0,17.0,60691.0,72999.0,30835.0,2675.0,27960.0,10.8
L1J,41793.0,16.3,63795.0,79390.0,41460.0,5205.0,36065.0,10.5
L1T,50536.0,8.5,107702.0,123380.0,50265.0,32595.0,17660.0,8.0
L1V,51910.0,9.2,99216.0,117647.0,51375.0,23270.0,28285.0,8.0
L1S,40689.0,11.4,83781.0,98757.0,40470.0,14035.0,26545.0,8.8
L1N,47572.0,11.0,85673.0,100360.0,46575.0,8335.0,38375.0,7.7
L0E,20497.0,13.7,74022.0,85858.0,19820.0,1075.0,19050.0,5.7
L1M,21878.0,5.8,129002.0,145088.0,21855.0,3495.0,18295.0,5.1
L1H,31261.0,17.0,60691.0,72999.0,30835.0,2675.0,27960.0,10.8
L1P,17479.0,7.3,109137.0,129180.0,17465.0,6035.0,11125.0,8.8
L1V,51910.0,9.2,99216.0,117647.0,51375.0,23270.0,28285.0,8.0
L1J,41793.0,16.3,63795.0,79390.0,41460.0,5205.0,36065.0,10.5
L1G,41124.0,16.3,62653.0,77058.0,40065.0,4795.0,35535.0,10.3
L1J,41793.0,16.3,63795.0,79390.0,41460.0,5205.0,36065.0,10.5
L1N,47572.0,11.0,85673.0,100360.0,46575.0,8335.0,38375.0,7.7
L1T,50536.0,8.5,107702.0,123380.0,50265.0,32595.0,17660.0,8.0
L1K,39697.0,9.7,100427.0,111101.0,39685.0,9965.0,29835.0,8.0
L1G,41124.0,16.3,62653.0,77058.0,40065.0,4795.0,35535.0,10.3
L1T,50536.0,8.5,107702.0,123380.0,50265.0,32595.0,17660.0,8.0
L1X,19481.0,8.1,110720.0,130928.0,19440.0,11335.0,7930.0,7.8
L9L,14897.0,10.5,90272.0,109649.0,14405.0,555.0,13885.0,5.0
L1J,41793.0,16.3,63795.0,79390.0,41460.0,5205.0,36065.0,10.5
L1R,40287.0,7.0,114133.0,134024.0,39725.0,14125.0,25845.0,7.9
L9P,16814.0,8.6,97997.0,124520.0,16625.0,905.0,15930.0,5.4
N3T,34317.0,12.9,69988.0,84707.0,33430.0,4045.0,29165.0,6.6
N0A,29853.0,14.5,74166.0,85920.0,28665.0,540.0,28605.0,6.2
N4B,7772.0,18.2,61232.0,72755.0,7535.0,190.0,7350.0,7.6
N1A,12000.0,18.4,62259.0,74478.0,11820.0,200.0,11620.0,7.5
N3S,25765.0,20.2,52174.0,62270.0,25355.0,2150.0,23230.0,7.8
N0A,29853.0,14.5,74166.0,85920.0,28665.0,540.0,28605.0,6.2
N3W,13409.0,9.7,96054.0,115696.0,13365.0,310.0,13080.0,4.9
N3R,34276.0,16.5,66899.0,81133.0,33850.0,2280.0,31440.0,6.1
N3L,14684.0,11.4,84565.0,96446.0,14195.0,345.0,13735.0,4.0
N3S,25765.0,20.2,52174.0,62270.0,25355.0,2150.0,23230.0,7.8
N3Y,22419.0,17.3,62869.0,75516.0,21595.0,640.0,20940.0,8.6
N3R,34276.0,16.5,66899.0,81133.0,33850.0,2280.0,31440.0,6.1
N0E,34772.0,13.9,77325.0,91307.0,34070.0,410.0,34185.0,5.9
N0E,34772.0,13.9,77325.0,91307.0,34070.0,410.0,34185.0,5.9
N0R,46403.0,10.3,89643.0,108965.0,45245.0,1795.0,43130.0,4.5
N8M,11110.0,13.4,72751.0,85344.0,10950.0,210.0,10940.0,6.5
N9V,20208.0,12.0,82750.0,101521.0,19925.0,705.0,19240.0,6.6
N8X,15575.0,21.3,44928.0,56272.0,15340.0,3600.0,11815.0,11.0
N9Y,14814.0,13.2,74752.0,95106.0,13960.0,400.0,13340.0,5.8
N8H,25905.0,17.5,61914.0,79419.0,24285.0,3135.0,21200.0,6.0
N8S,21819.0,15.4,60312.0,78536.0,21795.0,2250.0,19465.0,7.8
N9J,19358.0,7.9,104524.0,124242.0,19335.0,1720.0,17545.0,4.9
N8N,24162.0,9.4,94848.0,121553.0,23955.0,2480.0,21535.0,4.7
N9E,20688.0,11.2,88297.0,108087.0,20655.0,6025.0,14640.0,6.2
N8W,23796.0,15.4,65475.0,76011.0,23630.0,4675.0,18820.0,7.6
N8Y,18935.0,18.7,49688.0,62873.0,18640.0,2435.0,16390.0,8.8
N9V,20208.0,12.0,82750.0,101521.0,19925.0,705.0,19240.0,6.6
N9B,17804.0,20.9,42170.0,54787.0,17795.0,8860.0,8890.0,13.5
N9B,17804.0,20.9,42170.0,54787.0,17795.0,8860.0,8890.0,13.5
L7N,12972.0,8.8,83695.0,128673.0,12550.0,1240.0,11330.0,5.0
L9T,103839.0,7.5,104077.0,117452.0,102645.0,45710.0,57280.0,5.6
L7G,46057.0,6.8,110751.0,132895.0,45210.0,3285.0,41975.0,5.3
L7L,46761.0,7.4,101915.0,125593.0,45905.0,7745.0,38145.0,5.3
L6H,60913.0,5.8,110184.0,145457.0,60265.0,19445.0,40830.0,6.9
L9T,103839.0,7.5,104077.0,117452.0,102645.0,45710.0,57280.0,5.6
L7M,47925.0,6.4,111955.0,138307.0,47325.0,10705.0,36545.0,5.7
L6M,65493.0,4.7,127398.0,162998.0,64980.0,24825.0,40085.0,7.1
L6K,13009.0,8.6,65237.0,134933.0,12790.0,3145.0,9770.0,6.6
L6K,13009.0,8.6,65237.0,134933.0,12790.0,3145.0,9770.0,6.6
L6M,65493.0,4.7,127398.0,162998.0,64980.0,24825.0,40085.0,7.1
L7J,13634.0,9.5,94903.0,108401.0,13580.0,700.0,12815.0,4.3
L7T,17728.0,10.1,81137.0,115474.0,17385.0,1935.0,15365.0,6.3
L7S,12191.0,12.2,66636.0,86241.0,11780.0,1825.0,10020.0,6.8
L9T,103839.0,7.5,104077.0,117452.0,102645.0,45710.0,57280.0,5.6
L7M,47925.0,6.4,111955.0,138307.0,47325.0,10705.0,36545.0,5.7
L6M,65493.0,4.7,127398.0,162998.0,64980.0,24825.0,40085.0,7.1
L7N,12972.0,8.8,83695.0,128673.0,12550.0,1240.0,11330.0,5.0
L7N,12972.0,8.8,83695.0,128673.0,12550.0,1240.0,11330.0,5.0
L7G,46057.0,6.8,110751.0,132895.0,45210.0,3285.0,41975.0,5.3
L9T,103839.0,7.5,104077.0,117452.0,102645.0,45710.0,57280.0,5.6
L6H,60913.0,5.8,110184.0,145457.0,60265.0,19445.0,40830.0,6.9
L7N,12972.0,8.8,83695.0,128673.0,12550.0,1240.0,11330.0,5.0
L6H,60913.0,5.8,110184.0,145457.0,60265.0,19445.0,40830.0,6.9
L7G,46057.0,6.8,110751.0,132895.0,45210.0,3285.0,41975.0,5.3
L6H,60913.0,5.8,110184.0,145457.0,60265.0,19445.0,40830.0,6.9
L7M,47925.0,6.4,111955.0,138307.0,47325.0,10705.0,36545.0,5.7
L7P,29700.0,8.1,99593.0,139380.0,29215.0,3625.0,25685.0,5.0
L9T,103839.0,7.5,104077.0,117452.0,102645.0,45710.0,57280.0,5.6
L7L,46761.0,7.4,101915.0,125593.0,45905.0,7745.0,38145.0,5.3
L6J,24673.0,3.0,147405.0,306398.0,24290.0,6155.0,17990.0,7.1
L7L,46761.0,7.4,101915.0,125593.0,45905.0,7745.0,38145.0,5.3
L6L,29742.0,7.2,104634.0,144026.0,29390.0,5505.0,23970.0,6.5
L6H,60913.0,5.8,110184.0,145457.0,60265.0,19445.0,40830.0,6.9
L8K,31449.0,17.8,59820.0,71246.0,31335.0,3745.0,27605.0,8.5
L9G,23560.0,6.7,122965.0,160835.0,23325.0,2490.0,20750.0,4.7
L8G,21547.0,16.9,66083.0,82394.0,21175.0,2055.0,19095.0,6.6
L8L,30825.0,24.7,45151.0,55010.0,30350.0,6510.0,23595.0,10.2
L9A,24904.0,15.9,65408.0,77208.0,24665.0,5990.0,18600.0,7.6
L8W,25793.0,13.3,83636.0,95056.0,25585.0,7350.0,17965.0,6.6
L8S,14311.0,11.2,51045.0,72707.0,14000.0,4275.0,9570.0,9.8
L9B,24033.0,12.5,90991.0,103419.0,23595.0,6860.0,16740.0,6.9
L9G,23560.0,6.7,122965.0,160835.0,23325.0,2490.0,20750.0,4.7
L8K,31449.0,17.8,59820.0,71246.0,31335.0,3745.0,27605.0,8.5
L9H,31125.0,9.3,92326.0,117418.0,30050.0,2090.0,28290.0,5.2
L8K,31449.0,17.8,59820.0,71246.0,31335.0,3745.0,27605.0,8.5
L8R,10817.0,22.1,38054.0,50708.0,10125.0,3765.0,6185.0,8.9
L8T,19042.0,15.8,69221.0,83110.0,19020.0,2320.0,16880.0,7.3
L8E,39398.0,13.5,75771.0,93054.0,39280.0,9315.0,29855.0,6.9
L8J,24381.0,10.0,98176.0,108083.0,23950.0,4635.0,19315.0,5.6
L8T,19042.0,15.8,69221.0,83110.0,19020.0,2320.0,16880.0,7.3
L9C,40155.0,14.6,74894.0,87539.0,39140.0,9365.0,29445.0,7.6
L8R,10817.0,22.1,38054.0,50708.0,10125.0,3765.0,6185.0,8.9
L8H,25892.0,20.5,53126.0,61462.0,25800.0,3365.0,22705.0,8.5
L8P,22734.0,12.0,45513.0,67436.0,22095.0,4445.0,17770.0,7.0
L9A,24904.0,15.9,65408.0,77208.0,24665.0,5990.0,18600.0,7.6
L8B,nan,nan,nan,nan,nan,nan,nan,nan
L8S,14311.0,11.2,51045.0,72707.0,14000.0,4275.0,9570.0,9.8
L9C,40155.0,14.6,74894.0,87539.0,39140.0,9365.0,29445.0,7.6
K8N,28462.0,15.9,63595.0,82176.0,27940.0,1400.0,26640.0,5.6
K8P,21289.0,20.6,51520.0,64562.0,20480.0,1395.0,19050.0,8.8
K0K,111372.0,16.4,68812.0,82002.0,106065.0,2245.0,106665.0,6.5
K8N,28462.0,15.9,63595.0,82176.0,27940.0,1400.0,26640.0,5.6
K0L,71343.0,17.1,64938.0,80972.0,69395.0,1335.0,69160.0,7.6
K0K,111372.0,16.4,68812.0,82002.0,106065.0,2245.0,106665.0,6.5
K8P,21289.0,20.6,51520.0,64562.0,20480.0,1395.0,19050.0,8.8
K8V,27192.0,17.3,62514.0,71268.0,26680.0,920.0,25620.0,6.8
N0M,64764.0,12.8,75610.0,91292.0,63350.0,1080.0,62305.0,4.6
N5A,31302.0,13.4,64719.0,80722.0,30435.0,1665.0,28715.0,5.1
P6A,34720.0,15.6,65320.0,82386.0,32700.0,770.0,32720.0,10.6
P6B,22847.0,18.1,57710.0,73250.0,22270.0,1015.0,21380.0,10.3
P0L,24896.0,17.8,62611.0,77819.0,18600.0,250.0,24395.0,12.2
K9H,28597.0,18.6,50900.0,64277.0,27680.0,1555.0,26145.0,9.7
L1C,43531.0,9.5,92075.0,103132.0,42985.0,3350.0,39760.0,7.4
K0L,71343.0,17.1,64938.0,80972.0,69395.0,1335.0,69160.0,7.6
L1C,43531.0,9.5,92075.0,103132.0,42985.0,3350.0,39760.0,7.4
L1C,43531.0,9.5,92075.0,103132.0,42985.0,3350.0,39760.0,7.4
L1B,11977.0,12.3,87834.0,103721.0,11890.0,750.0,11085.0,7.5
K9A,25677.0,15.4,69451.0,89612.0,24950.0,1085.0,23940.0,8.4
L1E,27117.0,7.8,105588.0,116889.0,26965.0,2735.0,24145.0,7.6
K9J,43047.0,17.3,58121.0,75752.0,41470.0,1795.0,40020.0,8.6
K0K,111372.0,16.4,68812.0,82002.0,106065.0,2245.0,106665.0,6.5
K9J,43047.0,17.3,58121.0,75752.0,41470.0,1795.0,40020.0,8.6
K0L,71343.0,17.1,64938.0,80972.0,69395.0,1335.0,69160.0,7.6
K9H,28597.0,18.6,50900.0,64277.0,27680.0,1555.0,26145.0,9.7
L1A,15304.0,14.5,71266.0,87867.0,14830.0,625.0,14255.0,6.7
K9H,28597.0,18.6,50900.0,64277.0,27680.0,1555.0,26145.0,9.7
P9N,14009.0,13.8,71373.0,87446.0,13105.0,335.0,13390.0,7.7
P0V,21722.0,18.8,61926.0,76327.0,8805.0,180.0,21340.0,14.9
P8N,10048.0,15.0,72393.0,85010.0,9710.0,235.0,9675.0,8.4
P0T,33027.0,17.1,66549.0,79177.0,27480.0,465.0,32415.0,11.0
P8T,5002.0,9.8,86528.0,97585.0,4930.0,210.0,4715.0,6.0
P0V,21722.0,18.8,61926.0,76327.0,8805.0,180.0,21340.0,14.9
P9N,14009.0,13.8,71373.0,87446.0,13105.0,335.0,13390.0,7.7
P7B,21917.0,15.3,57645.0,78082.0,21380.0,1610.0,19650.0,7.7
P7A,28418.0,15.1,67226.0,79095.0,27575.0,670.0,27040.0,7.8
P7C,21880.0,17.1,61169.0,73390.0,21315.0,1000.0,20330.0,9.0
P7A,28418.0,15.1,67226.0,79095.0,27575.0,670.0,27040.0,7.8
P7E,20997.0,16.9,58789.0,71123.0,20300.0,780.0,19390.0,7.6
N7S,27879.0,11.7,79741.0,102265.0,27125.0,2315.0,24890.0,7.7
N0P,52190.0,16.1,65736.0,79332.0,50820.0,1205.0,50320.0,6.6
N7L,24724.0,17.9,55940.0,70971.0,24090.0,1600.0,22520.0,7.8
N7T,26347.0,19.8,46312.0,62643.0,25310.0,1455.0,24665.0,12.1
N7M,24479.0,17.4,57088.0,73443.0,23815.0,1590.0,22215.0,8.2
N0N,40649.0,11.6,83534.0,102250.0,39045.0,855.0,39245.0,6.8
N0P,52190.0,16.1,65736.0,79332.0,50820.0,1205.0,50320.0,6.6
N0N,40649.0,11.6,83534.0,102250.0,39045.0,855.0,39245.0,6.8
N7S,27879.0,11.7,79741.0,102265.0,27125.0,2315.0,24890.0,7.7
N0P,52190.0,16.1,65736.0,79332.0,50820.0,1205.0,50320.0,6.6
N0P,52190.0,16.1,65736.0,79332.0,50820.0,1205.0,50320.0,6.6
N8A,13975.0,22.3,48000.0,62526.0,12110.0,345.0,13355.0,9.9
K7M,47676.0,14.1,66454.0,83428.0,45795.0,4605.0,41300.0,8.0
K0H,44019.0,14.4,78514.0,91829.0,42775.0,605.0,42470.0,6.1
K7K,31621.0,15.5,53314.0,67336.0,31070.0,2760.0,28440.0,9.5
K7M,47676.0,14.1,66454.0,83428.0,45795.0,4605.0,41300.0,8.0
K7R,14406.0,18.1,64256.0,76635.0,13995.0,315.0,13620.0,5.3
K0H,44019.0,14.4,78514.0,91829.0,42775.0,605.0,42470.0,6.1
K7L,17749.0,9.7,67107.0,99859.0,16940.0,1745.0,14905.0,7.7
K7L,17749.0,9.7,67107.0,99859.0,16940.0,1745.0,14905.0,7.7
K7M,47676.0,14.1,66454.0,83428.0,45795.0,4605.0,41300.0,8.0
K7M,47676.0,14.1,66454.0,83428.0,45795.0,4605.0,41300.0,8.0
K7R,14406.0,18.1,64256.0,76635.0,13995.0,315.0,13620.0,5.3
K0H,44019.0,14.4,78514.0,91829.0,42775.0,605.0,42470.0,6.1
K0H,44019.0,14.4,78514.0,91829.0,42775.0,605.0,42470.0,6.1
N6B,10103.0,15.0,37747.0,52203.0,9555.0,1470.0,8225.0,9.9
N7G,17880.0,14.8,69521.0,81296.0,17400.0,325.0,16970.0,5.1
N5V,30857.0,17.0,60054.0,69522.0,30620.0,5270.0,25405.0,9.4
N5X,32897.0,9.1,89671.0,112064.0,32510.0,8110.0,24495.0,7.6
N6E,27508.0,18.4,60388.0,68895.0,27020.0,8420.0,18510.0,7.7
N5R,27368.0,16.5,64738.0,75190.0,26805.0,1045.0,25880.0,6.1
N4V,2983.0,12.7,78406.0,88676.0,2780.0,225.0,2590.0,4.3
N6H,40604.0,12.0,57807.0,80234.0,39775.0,10375.0,29415.0,8.4
N6G,40677.0,8.8,84966.0,109992.0,40130.0,10900.0,29265.0,8.4
P0A,16481.0,20.6,55224.0,67776.0,16210.0,180.0,16030.0,10.7
P1B,32345.0,17.5,54886.0,70870.0,30365.0,980.0,30630.0,10.1
P0H,31187.0,16.9,67116.0,81160.0,30245.0,265.0,30210.0,9.5
P2B,9747.0,21.8,51945.0,69497.0,8990.0,125.0,9335.0,11.1
P2A,12990.0,17.7,60467.0,76402.0,12315.0,295.0,12385.0,8.3
P1A,16586.0,16.7,63987.0,77456.0,16330.0,450.0,15850.0,9.1
P1B,32345.0,17.5,54886.0,70870.0,30365.0,980.0,30630.0,10.1
L3M,26845.0,10.0,93115.0,109047.0,26365.0,1420.0,24945.0,4.7
L2T,10684.0,14.5,61914.0,80721.0,10480.0,1730.0,8750.0,8.4
L2M,32759.0,18.5,58477.0,70754.0,32220.0,3960.0,28315.0,8.2
L3K,18226.0,19.7,56800.0,73367.0,17780.0,360.0,17360.0,9.7
L3C,31670.0,17.0,65020.0,77348.0,31365.0,1840.0,29380.0,7.7
L2N,30648.0,15.1,67315.0,84398.0,29365.0,2610.0,26725.0,8.0
L2E,20956.0,21.1,49111.0,61889.0,20165.0,1835.0,18190.0,8.5
L2J,14463.0,15.7,67597.0,87507.0,14320.0,1185.0,13210.0,7.1
P1B,32345.0,17.5,54886.0,70870.0,30365.0,980.0,30630.0,10.1
P4N,24575.0,14.9,63286.0,79810.0,24195.0,510.0,23770.0,8.2
P4N,24575.0,14.9,63286.0,79810.0,24195.0,510.0,23770.0,8.2
K2K,24431.0,7.2,107644.0,130111.0,24005.0,7495.0,16575.0,6.4
K2L,19162.0,9.4,91819.0,104146.0,18750.0,3025.0,15800.0,7.4
K1S,28660.0,4.9,93332.0,128106.0,27795.0,4725.0,23175.0,7.2
K1J,26931.0,11.4,79710.0,99328.0,26230.0,8750.0,17505.0,8.6
K2J,68963.0,6.5,106679.0,120208.0,68705.0,24555.0,44100.0,5.8
K2A,16790.0,7.6,88448.0,136688.0,16205.0,2045.0,13740.0,6.2
K2S,32061.0,6.1,121655.0,137808.0,31515.0,3730.0,27735.0,4.6
K2J,68963.0,6.5,106679.0,120208.0,68705.0,24555.0,44100.0,5.8
K4M,11009.0,5.6,127840.0,168363.0,10915.0,1455.0,9420.0,5.9
K1C,37662.0,8.7,102212.0,118694.0,36935.0,7205.0,29770.0,6.6
K1Z,20983.0,10.8,60928.0,84969.0,20545.0,4950.0,15495.0,8.0
K1V,54835.0,10.6,77298.0,96361.0,54165.0,21090.0,33040.0,8.9
K2H,26402.0,9.8,86351.0,111827.0,25225.0,4690.0,20835.0,7.9
K4A,54524.0,6.4,112523.0,124896.0,54260.0,15035.0,39205.0,5.7
K2C,27941.0,9.9,71920.0,88179.0,27030.0,7645.0,19405.0,8.2
K1V,54835.0,10.6,77298.0,96361.0,54165.0,21090.0,33040.0,8.9
K2L,19162.0,9.4,91819.0,104146.0,18750.0,3025.0,15800.0,7.4
K1R,18730.0,8.7,57141.0,73641.0,18110.0,5310.0,13120.0,7.9
K2H,26402.0,9.8,86351.0,111827.0,25225.0,4690.0,20835.0,7.9
K1V,54835.0,10.6,77298.0,96361.0,54165.0,21090.0,33040.0,8.9
K1C,37662.0,8.7,102212.0,118694.0,36935.0,7205.0,29770.0,6.6
K1G,34075.0,11.4,67205.0,84857.0,33140.0,12625.0,20515.0,10.1
K1J,26931.0,11.4,79710.0,99328.0,26230.0,8750.0,17505.0,8.6
K2K,24431.0,7.2,107644.0,130111.0,24005.0,7495.0,16575.0,6.4
K2G,49222.0,8.3,97502.0,115255.0,48520.0,15650.0,32735.0,7.3
K2S,32061.0,6.1,121655.0,137808.0,31515.0,3730.0,27735.0,4.6
K1S,28660.0,4.9,93332.0,128106.0,27795.0,4725.0,23175.0,7.2
K1J,26931.0,11.4,79710.0,99328.0,26230.0,8750.0,17505.0,8.6
K1G,34075.0,11.4,67205.0,84857.0,33140.0,12625.0,20515.0,10.1
K2J,68963.0,6.5,106679.0,120208.0,68705.0,24555.0,44100.0,5.8
K2P,17603.0,6.8,55268.0,69629.0,17070.0,3545.0,13395.0,7.0
K2J,68963.0,6.5,106679.0,120208.0,68705.0,24555.0,44100.0,5.8
K2G,49222.0,8.3,97502.0,115255.0,48520.0,15650.0,32735.0,7.3
K2A,16790.0,7.6,88448.0,136688.0,16205.0,2045.0,13740.0,6.2
K1W,10032.0,5.5,122368.0,136187.0,9905.0,3150.0,6760.0,5.2
K0A,103474.0,9.0,97331.0,111786.0,101990.0,2810.0,99225.0,5.0
K1K,29499.0,16.2,56462.0,71588.0,28785.0,9095.0,19575.0,10.9
K1R,18730.0,8.7,57141.0,73641.0,18110.0,5310.0,13120.0,7.9
K1V,54835.0,10.6,77298.0,96361.0,54165.0,21090.0,33040.0,8.9
K2G,49222.0,8.3,97502.0,115255.0,48520.0,15650.0,32735.0,7.3
K2H,26402.0,9.8,86351.0,111827.0,25225.0,4690.0,20835.0,7.9
K1E,14803.0,10.0,99226.0,110831.0,14690.0,1900.0,12770.0,6.1
K0A,103474.0,9.0,97331.0,111786.0,101990.0,2810.0,99225.0,5.0
K1R,18730.0,8.7,57141.0,73641.0,18110.0,5310.0,13120.0,7.9
K0A,103474.0,9.0,97331.0,111786.0,101990.0,2810.0,99225.0,5.0
K2B,32260.0,15.9,55556.0,71451.0,31565.0,11320.0,20410.0,9.9
L4Y,23796.0,13.5,72815.0,89487.0,23595.0,8015.0,15590.0,7.7
L5M,104868.0,7.7,98908.0,121032.0,104180.0,74325.0,29645.0,8.7
L6T,38451.0,16.0,64932.0,74642.0,38155.0,24410.0,13670.0,8.7
L6Y,87654.0,12.0,81078.0,94641.0,86855.0,67095.0,19900.0,9.1
L6P,82182.0,11.1,102070.0,116509.0,82000.0,73175.0,8650.0,7.5
L5G,20206.0,6.7,77945.0,135147.0,19975.0,4015.0,15835.0,7.4
L6V,41853.0,14.4,73573.0,82366.0,41750.0,23805.0,17915.0,8.5
L6S,53308.0,12.6,86240.0,98269.0,53260.0,30535.0,23000.0,8.1
L5J,28089.0,8.1,88843.0,123130.0,27685.0,7855.0,19880.0,7.3
L6X,67070.0,10.8,90087.0,101989.0,66710.0,46535.0,19915.0,8.4
L5K,13967.0,10.1,82859.0,117612.0,13610.0,5755.0,7805.0,9.5
L7A,80236.0,9.7,98633.0,105356.0,80195.0,62925.0,17460.0,8.2
L4X,19592.0,15.3,60429.0,76468.0,19395.0,8930.0,10410.0,9.6
L5E,12731.0,11.3,78933.0,97109.0,12715.0,2525.0,10275.0,7.5
L6R,88002.0,12.3,91710.0,101577.0,87535.0,78360.0,9095.0,8.7
L6Z,32749.0,9.6,99206.0,114453.0,32545.0,16265.0,16475.0,7.5
L7E,33934.0,7.6,112722.0,134624.0,33760.0,3140.0,30580.0,6.0
L6X,67070.0,10.8,90087.0,101989.0,66710.0,46535.0,19915.0,8.4
L5M,104868.0,7.7,98908.0,121032.0,104180.0,74325.0,29645.0,8.7
L6S,53308.0,12.6,86240.0,98269.0,53260.0,30535.0,23000.0,8.1
L4T,38445.0,19.5,61835.0,72002.0,38275.0,31570.0,6700.0,10.7
L5H,17608.0,4.3,118374.0,207787.0,17420.0,4610.0,12850.0,6.6
L6R,88002.0,12.3,91710.0,101577.0,87535.0,78360.0,9095.0,8.7
L7C,24632.0,7.5,114146.0,137228.0,24595.0,8440.0,16150.0,5.2
L5N,84829.0,8.0,100355.0,114642.0,84495.0,41415.0,43130.0,7.1
L5W,24871.0,7.2,114643.0,130357.0,24725.0,19080.0,5575.0,6.8
L6S,53308.0,12.6,86240.0,98269.0,53260.0,30535.0,23000.0,8.1
L7A,80236.0,9.7,98633.0,105356.0,80195.0,62925.0,17460.0,8.2
L6W,22128.0,13.9,71462.0,89904.0,21930.0,10125.0,11640.0,7.9
L6W,22128.0,13.9,71462.0,89904.0,21930.0,10125.0,11640.0,7.9
L5E,12731.0,11.3,78933.0,97109.0,12715.0,2525.0,10275.0,7.5
L5E,12731.0,11.3,78933.0,97109.0,12715.0,2525.0,10275.0,7.5
L5N,84829.0,8.0,100355.0,114642.0,84495.0,41415.0,43130.0,7.1
L5N,84829.0,8.0,100355.0,114642.0,84495.0,41415.0,43130.0,7.1
L5G,20206.0,6.7,77945.0,135147.0,19975.0,4015.0,15835.0,7.4
L5V,50821.0,9.0,100925.0,113527.0,50465.0,39915.0,10795.0,9.3
L6R,88002.0,12.3,91710.0,101577.0,87535.0,78360.0,9095.0,8.7
L5M,104868.0,7.7,98908.0,121032.0,104180.0,74325.0,29645.0,8.7
L5M,104868.0,7.7,98908.0,121032.0,104180.0,74325.0,29645.0,8.7
L5B,63394.0,11.7,63412.0,76619.0,62760.0,42130.0,20595.0,9.6
L5C,29687.0,11.6,82670.0,101303.0,29660.0,16140.0,13580.0,8.4
L6V,41853.0,14.4,73573.0,82366.0,41750.0,23805.0,17915.0,8.5
L5N,84829.0,8.0,100355.0,114642.0,84495.0,41415.0,43130.0,7.1
K9J,43047.0,17.3,58121.0,75752.0,41470.0,1795.0,40020.0,8.6
L1E,27117.0,7.8,105588.0,116889.0,26965.0,2735.0,24145.0,7.6
K9A,25677.0,15.4,69451.0,89612.0,24950.0,1085.0,23940.0,8.4
K9J,43047.0,17.3,58121.0,75752.0,41470.0,1795.0,40020.0,8.6
L1C,43531.0,9.5,92075.0,103132.0,42985.0,3350.0,39760.0,7.4
K9V,27760.0,19.2,59154.0,73929.0,26440.0,730.0,25660.0,8.3
K1Z,20983.0,10.8,60928.0,84969.0,20545.0,4950.0,15495.0,8.0
K1Z,20983.0,10.8,60928.0,84969.0,20545.0,4950.0,15495.0,8.0
K1Z,20983.0,10.8,60928.0,84969.0,20545.0,4950.0,15495.0,8.0
L9T,103839.0,7.5,104077.0,117452.0,102645.0,45710.0,57280.0,5.6
L9T,103839.0,7.5,104077.0,117452.0,102645.0,45710.0,57280.0,5.6
N5V,30857.0,17.0,60054.0,69522.0,30620.0,5270.0,25405.0,9.4
N5V,30857.0,17.0,60054.0,69522.0,30620.0,5270.0,25405.0,9.4
K8P,21289.0,20.6,51520.0,64562.0,20480.0,1395.0,19050.0,8.8
K8P,21289.0,20.6,51520.0,64562.0,20480.0,1395.0,19050.0,8.8
N3T,34317.0,12.9,69988.0,84707.0,33430.0,4045.0,29165.0,6.6
N3T,34317.0,12.9,69988.0,84707.0,33430.0,4045.0,29165.0,6.6
P3C,16249.0,21.4,41662.0,53508.0,15980.0,735.0,15180.0,12.3
P3A,24053.0,14.4,71929.0,86407.0,23185.0,1160.0,22115.0,8.2
P0M,49750.0,14.2,74467.0,89105.0,47845.0,465.0,48825.0,9.2
P3N,8125.0,11.1,91418.0,102830.0,7975.0,60.0,7785.0,7.5
P5E,5229.0,15.4,68494.0,79362.0,5135.0,75.0,5065.0,7.2
P3A,24053.0,14.4,71929.0,86407.0,23185.0,1160.0,22115.0,8.2
P3Y,7455.0,9.3,98720.0,109062.0,7355.0,140.0,7155.0,6.0
P3E,27210.0,10.4,72635.0,101633.0,26275.0,2350.0,24115.0,7.1
P3E,27210.0,10.4,72635.0,101633.0,26275.0,2350.0,24115.0,7.1
P0M,49750.0,14.2,74467.0,89105.0,47845.0,465.0,48825.0,9.2
P0P,19461.0,22.6,51150.0,64859.0,13105.0,135.0,19035.0,13.1
P3C,16249.0,21.4,41662.0,53508.0,15980.0,735.0,15180.0,12.3
P3C,16249.0,21.4,41662.0,53508.0,15980.0,735.0,15180.0,12.3
P0T,33027.0,17.1,66549.0,79177.0,27480.0,465.0,32415.0,11.0
P9A,10651.0,15.4,65481.0,79932.0,9200.0,155.0,10295.0,8.2
P0W,6410.0,17.1,63253.0,79997.0,5205.0,60.0,6300.0,8.9
K8A,25771.0,15.9,63432.0,78182.0,24920.0,550.0,24445.0,7.3
K7V,13438.0,19.2,56771.0,69721.0,13030.0,220.0,12745.0,7.7
K7S,12986.0,15.7,67367.0,78546.0,12700.0,285.0,12305.0,6.4
K8A,25771.0,15.9,63432.0,78182.0,24920.0,550.0,24445.0,7.3
K0J,33702.0,17.2,64048.0,76663.0,32545.0,850.0,32100.0,9.0
K0J,33702.0,17.2,64048.0,76663.0,32545.0,850.0,32100.0,9.0
K0J,33702.0,17.2,64048.0,76663.0,32545.0,850.0,32100.0,9.0
K7V,13438.0,19.2,56771.0,69721.0,13030.0,220.0,12745.0,7.7
K8A,25771.0,15.9,63432.0,78182.0,24920.0,550.0,24445.0,7.3
K8H,15205.0,7.7,85967.0,94111.0,14340.0,710.0,13650.0,4.2
L9R,21313.0,12.8,83302.0,95938.0,20970.0,1710.0,19360.0,6.3
L9R,21313.0,12.8,83302.0,95938.0,20970.0,1710.0,19360.0,6.3
L4M,45991.0,12.4,71359.0,88316.0,45340.0,4725.0,40570.0,7.4
L4M,45991.0,12.4,71359.0,88316.0,45340.0,4725.0,40570.0,7.4
L4N,98663.0,11.0,81891.0,95398.0,96925.0,9625.0,87265.0,7.3
L3Z,33666.0,10.3,92741.0,104493.0,33310.0,7105.0,26250.0,5.8
L3Z,33666.0,10.3,92741.0,104493.0,33310.0,7105.0,26250.0,5.8
L9Y,24766.0,13.4,66727.0,90993.0,24105.0,1040.0,22815.0,5.4
L9Y,24766.0,13.4,66727.0,90993.0,24105.0,1040.0,22815.0,5.4
L4M,45991.0,12.4,71359.0,88316.0,45340.0,4725.0,40570.0,7.4
L0L,46902.0,9.5,93394.0,116359.0,46750.0,1445.0,45070.0,5.7
L4R,18153.0,20.3,55813.0,70667.0,17640.0,620.0,17010.0,8.6
L4N,98663.0,11.0,81891.0,95398.0,96925.0,9625.0,87265.0,7.3
L9S,28567.0,12.2,82192.0,99859.0,28450.0,2320.0,26205.0,7.6
L9M,14825.0,17.8,60602.0,79797.0,13340.0,200.0,13715.0,8.8
L0M,35844.0,11.1,83937.0,94823.0,34570.0,1170.0,33575.0,6.1
L3V,44915.0,16.9,61321.0,77623.0,42785.0,1865.0,41625.0,7.7
L3V,44915.0,16.9,61321.0,77623.0,42785.0,1865.0,41625.0,7.7
L0L,46902.0,9.5,93394.0,116359.0,46750.0,1445.0,45070.0,5.7
L0M,35844.0,11.1,83937.0,94823.0,34570.0,1170.0,33575.0,6.1
L3V,44915.0,16.9,61321.0,77623.0,42785.0,1865.0,41625.0,7.7
L3Z,33666.0,10.3,92741.0,104493.0,33310.0,7105.0,26250.0,5.8
L9Y,24766.0,13.4,66727.0,90993.0,24105.0,1040.0,22815.0,5.4
L3V,44915.0,16.9,61321.0,77623.0,42785.0,1865.0,41625.0,7.7
P1L,16548.0,14.4,70168.0,87411.0,16110.0,300.0,15840.0,6.8
L4N,98663.0,11.0,81891.0,95398.0,96925.0,9625.0,87265.0,7.3
L4M,45991.0,12.4,71359.0,88316.0,45340.0,4725.0,40570.0,7.4
L4N,98663.0,11.0,81891.0,95398.0,96925.0,9625.0,87265.0,7.3
L4R,18153.0,20.3,55813.0,70667.0,17640.0,620.0,17010.0,8.6
L0G,39873.0,8.4,101083.0,125250.0,39390.0,2695.0,36870.0,5.5
N7S,27879.0,11.7,79741.0,102265.0,27125.0,2315.0,24890.0,7.7
N7L,24724.0,17.9,55940.0,70971.0,24090.0,1600.0,22520.0,7.8
P3P,15468.0,10.5,97324.0,104973.0,15425.0,145.0,15270.0,7.4
P3C,16249.0,21.4,41662.0,53508.0,15980.0,735.0,15180.0,12.3
P3E,27210.0,10.4,72635.0,101633.0,26275.0,2350.0,24115.0,7.1
P3A,24053.0,14.4,71929.0,86407.0,23185.0,1160.0,22115.0,8.2
P0T,33027.0,17.1,66549.0,79177.0,27480.0,465.0,32415.0,11.0
P0T,33027.0,17.1,66549.0,79177.0,27480.0,465.0,32415.0,11.0
P0T,33027.0,17.1,66549.0,79177.0,27480.0,465.0,32415.0,11.0
P0T,33027.0,17.1,66549.0,79177.0,27480.0,465.0,32415.0,11.0
P0T,33027.0,17.1,66549.0,79177.0,27480.0,465.0,32415.0,11.0
N5X,32897.0,9.1,89671.0,112064.0,32510.0,8110.0,24495.0,7.6
N5P,19945.0,15.6,63680.0,75229.0,19570.0,780.0,18750.0,6.0
N5Z,23755.0,20.0,50714.0,59581.0,23635.0,3715.0,19780.0,8.3
N5R,27368.0,16.5,64738.0,75190.0,26805.0,1045.0,25880.0,6.1
N5W,23250.0,18.3,52015.0,61152.0,23065.0,1915.0,21150.0,8.1
N4S,32254.0,14.7,64528.0,76732.0,31530.0,995.0,30440.0,5.4
N5H,15199.0,16.5,65657.0,75862.0,15000.0,285.0,14720.0,7.8
N5Z,23755.0,20.0,50714.0,59581.0,23635.0,3715.0,19780.0,8.3
N0L,46908.0,11.6,81932.0,97925.0,46115.0,990.0,45315.0,5.2
N4G,19389.0,17.7,60864.0,75256.0,19070.0,460.0,18510.0,5.9
N6B,10103.0,15.0,37747.0,52203.0,9555.0,1470.0,8225.0,9.9
N4S,32254.0,14.7,64528.0,76732.0,31530.0,995.0,30440.0,5.4
N5C,14856.0,12.2,76213.0,87093.0,14680.0,220.0,14400.0,5.6
N6B,10103.0,15.0,37747.0,52203.0,9555.0,1470.0,8225.0,9.9
N6C,30510.0,11.8,62158.0,78543.0,30120.0,3425.0,26840.0,6.9
N0L,46908.0,11.6,81932.0,97925.0,46115.0,990.0,45315.0,5.2
N0M,64764.0,12.8,75610.0,91292.0,63350.0,1080.0,62305.0,4.6
N5Y,34037.0,17.4,47069.0,62558.0,33985.0,8060.0,25860.0,9.7
N0M,64764.0,12.8,75610.0,91292.0,63350.0,1080.0,62305.0,4.6
N6H,40604.0,12.0,57807.0,80234.0,39775.0,10375.0,29415.0,8.4
N5R,27368.0,16.5,64738.0,75190.0,26805.0,1045.0,25880.0,6.1
N6K,34766.0,10.4,85531.0,109623.0,34245.0,4555.0,29795.0,6.3
N6G,40677.0,8.8,84966.0,109992.0,40130.0,10900.0,29265.0,8.4
N6C,30510.0,11.8,62158.0,78543.0,30120.0,3425.0,26840.0,6.9
N7G,17880.0,14.8,69521.0,81296.0,17400.0,325.0,16970.0,5.1
N5Z,23755.0,20.0,50714.0,59581.0,23635.0,3715.0,19780.0,8.3
N0L,46908.0,11.6,81932.0,97925.0,46115.0,990.0,45315.0,5.2
N6J,26943.0,17.5,53834.0,65551.0,26575.0,3885.0,22560.0,6.5
N4S,32254.0,14.7,64528.0,76732.0,31530.0,995.0,30440.0,5.4
P7A,28418.0,15.1,67226.0,79095.0,27575.0,670.0,27040.0,7.8
P7E,20997.0,16.9,58789.0,71123.0,20300.0,780.0,19390.0,7.6
P7E,20997.0,16.9,58789.0,71123.0,20300.0,780.0,19390.0,7.6
M8Y,21299.0,7.3,73673.0,105713.0,21140.0,4600.0,16275.0,6.9
M6P,40035.0,7.4,68983.0,93088.0,39570.0,10060.0,29780.0,6.5
M6L,20616.0,19.4,54933.0,73453.0,20185.0,10285.0,9635.0,8.4
M1M,22913.0,12.8,68550.0,91286.0,22500.0,10480.0,12110.0,9.4
M2M,32320.0,11.6,60440.0,88709.0,31855.0,21575.0,9790.0,8.3
M2N,75897.0,6.9,62919.0,87061.0,75285.0,52515.0,22485.0,8.5
M6L,20616.0,19.4,54933.0,73453.0,20185.0,10285.0,9635.0,8.4
M6B,28522.0,9.7,66282.0,106225.0,28050.0,9475.0,18110.0,7.7
M9R,33743.0,17.6,63032.0,80507.0,33720.0,18375.0,15400.0,9.3
M9V,55959.0,21.0,59760.0,70475.0,55425.0,45600.0,9685.0,11.1
M8V,37975.0,9.2,61120.0,84412.0,37665.0,11475.0,26360.0,7.0
M1S,37769.0,15.8,63376.0,78915.0,37200.0,32260.0,4695.0,9.7
M3J,25473.0,16.9,54031.0,65841.0,25450.0,17375.0,8020.0,10.8
M1K,48434.0,19.2,53260.0,64868.0,48300.0,33850.0,14415.0,8.9
M5M,25975.0,3.2,136982.0,252123.0,25905.0,5325.0,20480.0,5.8
M6H,44950.0,10.4,63550.0,81736.0,44535.0,13905.0,30465.0,7.2
M3K,5997.0,16.5,62635.0,85016.0,5975.0,2190.0,3545.0,6.8
M5N,16610.0,3.5,94106.0,214698.0,16420.0,3355.0,13150.0,7.6
M1V,54680.0,18.2,64576.0,76850.0,54140.0,51530.0,2875.0,10.1
M9C,38291.0,11.5,77818.0,98891.0,37550.0,10455.0,27165.0,7.0
M9W,40684.0,16.6,65826.0,77220.0,40240.0,28040.0,12320.0,10.1
M6G,32086.0,7.6,72363.0,112203.0,30850.0,7605.0,23485.0,6.1
M1W,48471.0,16.5,65190.0,80752.0,47655.0,38330.0,9495.0,10.2
M4R,11394.0,2.9,94208.0,220031.0,11390.0,2715.0,8915.0,7.4
M3N,41958.0,27.5,47650.0,57606.0,41515.0,33865.0,7665.0,13.1
M2H,24497.0,13.1,72220.0,90314.0,24215.0,18425.0,6075.0,8.8
M6J,32684.0,6.2,71745.0,107587.0,31655.0,9055.0,22570.0,6.0
M4X,20822.0,12.7,40291.0,65064.0,20275.0,12715.0,7570.0,10.6
M4Y,30472.0,5.8,52167.0,70100.0,30040.0,12320.0,17435.0,8.8
M4Y,30472.0,5.8,52167.0,70100.0,30040.0,12320.0,17435.0,8.8
M1S,37769.0,15.8,63376.0,78915.0,37200.0,32260.0,4695.0,9.7
M4E,25044.0,5.2,94587.0,142761.0,24830.0,3985.0,20760.0,6.7
M4E,25044.0,5.2,94587.0,142761.0,24830.0,3985.0,20760.0,6.7
M3A,34615.0,12.1,64761.0,86403.0,34530.0,18990.0,15515.0,9.1
M1E,46943.0,17.0,62047.0,78494.0,46050.0,27645.0,18350.0,10.7
M5S,15372.0,4.8,52966.0,99353.0,14210.0,6450.0,7840.0,9.9
M6H,44950.0,10.4,63550.0,81736.0,44535.0,13905.0,30465.0,7.2
M5B,12785.0,6.0,49856.0,70704.0,11890.0,6635.0,5420.0,10.2
M1B,66108.0,17.0,69126.0,80137.0,65825.0,58150.0,7765.0,10.0
M4J,35738.0,10.1,72720.0,99966.0,35650.0,11225.0,24365.0,7.1
M9M,22263.0,18.6,61884.0,73319.0,22250.0,15835.0,6490.0,9.3
M2M,32320.0,11.6,60440.0,88709.0,31855.0,21575.0,9790.0,8.3
M2H,24497.0,13.1,72220.0,90314.0,24215.0,18425.0,6075.0,8.8
M1S,37769.0,15.8,63376.0,78915.0,37200.0,32260.0,4695.0,9.7
M1V,54680.0,18.2,64576.0,76850.0,54140.0,51530.0,2875.0,10.1
M6H,44950.0,10.4,63550.0,81736.0,44535.0,13905.0,30465.0,7.2
M1P,45571.0,16.4,56661.0,67265.0,44070.0,33615.0,10345.0,9.6
M2N,75897.0,6.9,62919.0,87061.0,75285.0,52515.0,22485.0,8.5
M1P,45571.0,16.4,56661.0,67265.0,44070.0,33615.0,10345.0,9.6
M1N,22136.0,9.7,73256.0,102338.0,21530.0,5950.0,15580.0,8.8
M6H,44950.0,10.4,63550.0,81736.0,44535.0,13905.0,30465.0,7.2
M9B,32400.0,8.1,88576.0,122433.0,32115.0,10215.0,21940.0,7.5
M3J,25473.0,16.9,54031.0,65841.0,25450.0,17375.0,8020.0,10.8
M4K,31583.0,7.2,65948.0,108472.0,31115.0,7565.0,23650.0,6.5
M6L,20616.0,19.4,54933.0,73453.0,20185.0,10285.0,9635.0,8.4
M6A,21048.0,15.6,53933.0,72787.0,20180.0,10575.0,9820.0,9.2
M6A,21048.0,15.6,53933.0,72787.0,20180.0,10575.0,9820.0,9.2
M6P,40035.0,7.4,68983.0,93088.0,39570.0,10060.0,29780.0,6.5
M1H,24383.0,16.0,58492.0,70296.0,24155.0,18385.0,5715.0,8.9
M9R,33743.0,17.6,63032.0,80507.0,33720.0,18375.0,15400.0,9.3
M5S,15372.0,4.8,52966.0,99353.0,14210.0,6450.0,7840.0,9.9
M6G,32086.0,7.6,72363.0,112203.0,30850.0,7605.0,23485.0,6.1
M5V,49195.0,2.1,77752.0,99765.0,48730.0,20745.0,28040.0,5.1
M5T,17748.0,12.0,43986.0,67852.0,17305.0,10455.0,6895.0,8.2
M4J,35738.0,10.1,72720.0,99966.0,35650.0,11225.0,24365.0,7.1
M1P,45571.0,16.4,56661.0,67265.0,44070.0,33615.0,10345.0,9.6
M1S,37769.0,15.8,63376.0,78915.0,37200.0,32260.0,4695.0,9.7
M3C,39153.0,14.0,57275.0,75884.0,38450.0,25195.0,13255.0,9.6
M3K,5997.0,16.5,62635.0,85016.0,5975.0,2190.0,3545.0,6.8
M1W,48471.0,16.5,65190.0,80752.0,47655.0,38330.0,9495.0,10.2
M2M,32320.0,11.6,60440.0,88709.0,31855.0,21575.0,9790.0,8.3
M2N,75897.0,6.9,62919.0,87061.0,75285.0,52515.0,22485.0,8.5
M4C,46866.0,12.0,60646.0,79132.0,46335.0,20955.0,25600.0,8.6
M4C,46866.0,12.0,60646.0,79132.0,46335.0,20955.0,25600.0,8.6
M4M,24689.0,7.4,75412.0,99907.0,23805.0,9910.0,13740.0,6.5
M9M,22263.0,18.6,61884.0,73319.0,22250.0,15835.0,6490.0,9.3
M9M,22263.0,18.6,61884.0,73319.0,22250.0,15835.0,6490.0,9.3
M9A,35594.0,5.9,75907.0,160481.0,34975.0,10180.0,24650.0,6.7
M8Y,21299.0,7.3,73673.0,105713.0,21140.0,4600.0,16275.0,6.9
M9B,32400.0,8.1,88576.0,122433.0,32115.0,10215.0,21940.0,7.5
M4J,35738.0,10.1,72720.0,99966.0,35650.0,11225.0,24365.0,7.1
M5N,16610.0,3.5,94106.0,214698.0,16420.0,3355.0,13150.0,7.6
M6N,41243.0,17.1,57771.0,70016.0,41210.0,17970.0,23100.0,8.6
M6M,42434.0,18.8,52730.0,66702.0,41835.0,25450.0,16795.0,10.3
M3A,34615.0,12.1,64761.0,86403.0,34530.0,18990.0,15515.0,9.1
M2J,58293.0,12.5,63471.0,79919.0,58035.0,41080.0,16975.0,9.9
M4J,35738.0,10.1,72720.0,99966.0,35650.0,11225.0,24365.0,7.1
M6G,32086.0,7.6,72363.0,112203.0,30850.0,7605.0,23485.0,6.1
M5T,17748.0,12.0,43986.0,67852.0,17305.0,10455.0,6895.0,8.2
M6P,40035.0,7.4,68983.0,93088.0,39570.0,10060.0,29780.0,6.5
M5A,41078.0,8.4,52623.0,79729.0,39015.0,18375.0,20555.0,7.6
M4Y,30472.0,5.8,52167.0,70100.0,30040.0,12320.0,17435.0,8.8
M6A,21048.0,15.6,53933.0,72787.0,20180.0,10575.0,9820.0,9.2
M9R,33743.0,17.6,63032.0,80507.0,33720.0,18375.0,15400.0,9.3
M8V,37975.0,9.2,61120.0,84412.0,37665.0,11475.0,26360.0,7.0
M1W,48471.0,16.5,65190.0,80752.0,47655.0,38330.0,9495.0,10.2
M4R,11394.0,2.9,94208.0,220031.0,11390.0,2715.0,8915.0,7.4
M4G,19076.0,3.3,115833.0,227398.0,18885.0,3685.0,15115.0,6.8
M1B,66108.0,17.0,69126.0,80137.0,65825.0,58150.0,7765.0,10.0
M4E,25044.0,5.2,94587.0,142761.0,24830.0,3985.0,20760.0,6.7
M1E,46943.0,17.0,62047.0,78494.0,46050.0,27645.0,18350.0,10.7
M3C,39153.0,14.0,57275.0,75884.0,38450.0,25195.0,13255.0,9.6
M9B,32400.0,8.1,88576.0,122433.0,32115.0,10215.0,21940.0,7.5
M4J,35738.0,10.1,72720.0,99966.0,35650.0,11225.0,24365.0,7.1
M4Y,30472.0,5.8,52167.0,70100.0,30040.0,12320.0,17435.0,8.8
M1E,46943.0,17.0,62047.0,78494.0,46050.0,27645.0,18350.0,10.7
M2M,32320.0,11.6,60440.0,88709.0,31855.0,21575.0,9790.0,8.3
M9V,55959.0,21.0,59760.0,70475.0,55425.0,45600.0,9685.0,11.1
M2J,58293.0,12.5,63471.0,79919.0,58035.0,41080.0,16975.0,9.9
M4P,20039.0,6.0,61036.0,96332.0,20005.0,6095.0,13920.0,7.3
M2R,40792.0,14.9,56027.0,76640.0,40345.0,17855.0,22800.0,9.1
M4P,20039.0,6.0,61036.0,96332.0,20005.0,6095.0,13920.0,7.3
M2R,40792.0,14.9,56027.0,76640.0,40345.0,17855.0,22800.0,9.1
M6E,38041.0,15.3,61113.0,74558.0,37720.0,15350.0,22640.0,7.3
M5V,49195.0,2.1,77752.0,99765.0,48730.0,20745.0,28040.0,5.1
M6K,40957.0,8.7,54000.0,70034.0,39490.0,16740.0,22870.0,6.8
M1R,29858.0,16.6,60881.0,74777.0,29500.0,16840.0,12905.0,9.4
M2J,58293.0,12.5,63471.0,79919.0,58035.0,41080.0,16975.0,9.9
M1M,22913.0,12.8,68550.0,91286.0,22500.0,10480.0,12110.0,9.4
M9A,35594.0,5.9,75907.0,160481.0,34975.0,10180.0,24650.0,6.7
M4M,24689.0,7.4,75412.0,99907.0,23805.0,9910.0,13740.0,6.5
M4W,14561.0,2.0,101146.0,359331.0,14280.0,3645.0,10735.0,6.8
M6S,34299.0,5.6,90288.0,134207.0,34025.0,7150.0,26755.0,6.2
M1L,35081.0,15.9,56779.0,70159.0,34225.0,23185.0,10965.0,10.8
M1K,48434.0,19.2,53260.0,64868.0,48300.0,33850.0,14415.0,8.9
M9P,20874.0,13.1,73425.0,97824.0,20185.0,6350.0,13805.0,8.0
M9P,20874.0,13.1,73425.0,97824.0,20185.0,6350.0,13805.0,8.0
M4J,35738.0,10.1,72720.0,99966.0,35650.0,11225.0,24365.0,7.1
M4M,24689.0,7.4,75412.0,99907.0,23805.0,9910.0,13740.0,6.5
M9C,38291.0,11.5,77818.0,98891.0,37550.0,10455.0,27165.0,7.0
M1W,48471.0,16.5,65190.0,80752.0,47655.0,38330.0,9495.0,10.2
M1C,35626.0,9.7,109785.0,126192.0,35310.0,19400.0,15885.0,7.4
M1E,46943.0,17.0,62047.0,78494.0,46050.0,27645.0,18350.0,10.7
M1S,37769.0,15.8,63376.0,78915.0,37200.0,32260.0,4695.0,9.7
M1K,48434.0,19.2,53260.0,64868.0,48300.0,33850.0,14415.0,8.9
M2P,7843.0,2.9,107520.0,268974.0,7835.0,3460.0,4320.0,7.7
M1T,34588.0,18.2,53535.0,69616.0,34165.0,25500.0,8455.0,9.3
M4J,35738.0,10.1,72720.0,99966.0,35650.0,11225.0,24365.0,7.1
M5T,17748.0,12.0,43986.0,67852.0,17305.0,10455.0,6895.0,8.2
M6P,40035.0,7.4,68983.0,93088.0,39570.0,10060.0,29780.0,6.5
M9W,40684.0,16.6,65826.0,77220.0,40240.0,28040.0,12320.0,10.1
M6P,40035.0,7.4,68983.0,93088.0,39570.0,10060.0,29780.0,6.5
M6C,24596.0,6.9,69058.0,125138.0,24260.0,6850.0,17220.0,6.9
M3A,34615.0,12.1,64761.0,86403.0,34530.0,18990.0,15515.0,9.1
M6G,32086.0,7.6,72363.0,112203.0,30850.0,7605.0,23485.0,6.1
M1E,46943.0,17.0,62047.0,78494.0,46050.0,27645.0,18350.0,10.7
M9V,55959.0,21.0,59760.0,70475.0,55425.0,45600.0,9685.0,11.1
M6P,40035.0,7.4,68983.0,93088.0,39570.0,10060.0,29780.0,6.5
M9N,25074.0,17.7,50545.0,65571.0,24765.0,14095.0,10635.0,9.4
M3N,41958.0,27.5,47650.0,57606.0,41515.0,33865.0,7665.0,13.1
M1R,29858.0,16.6,60881.0,74777.0,29500.0,16840.0,12905.0,9.4
M3H,37011.0,8.3,71558.0,114300.0,36720.0,12925.0,23905.0,6.5
M2L,11717.0,3.4,115493.0,306301.0,11620.0,5985.0,5645.0,8.2
M1P,45571.0,16.4,56661.0,67265.0,44070.0,33615.0,10345.0,9.6
M1G,29690.0,21.2,54450.0,66536.0,29450.0,22560.0,7025.0,12.5
M6M,42434.0,18.8,52730.0,66702.0,41835.0,25450.0,16795.0,10.3
M6M,42434.0,18.8,52730.0,66702.0,41835.0,25450.0,16795.0,10.3
M3B,13324.0,5.1,108267.0,189736.0,13205.0,6495.0,6770.0,6.5
M6A,21048.0,15.6,53933.0,72787.0,20180.0,10575.0,9820.0,9.2
P1L,16548.0,14.4,70168.0,87411.0,16110.0,300.0,15840.0,6.8
K0M,49388.0,18.0,64643.0,80744.0,48510.0,745.0,48030.0,7.9
P1P,10393.0,18.6,59364.0,86486.0,9190.0,260.0,8910.0,7.6
K0M,49388.0,18.0,64643.0,80744.0,48510.0,745.0,48030.0,7.9
P1H,16271.0,14.7,67956.0,87430.0,15845.0,315.0,15375.0,6.8
K9V,27760.0,19.2,59154.0,73929.0,26440.0,730.0,25660.0,8.3
K9V,27760.0,19.2,59154.0,73929.0,26440.0,730.0,25660.0,8.3
K9V,27760.0,19.2,59154.0,73929.0,26440.0,730.0,25660.0,8.3
K0A,103474.0,9.0,97331.0,111786.0,101990.0,2810.0,99225.0,5.0
K0E,38903.0,15.8,69739.0,81031.0,38630.0,440.0,38155.0,7.9
K6V,27782.0,18.1,56384.0,73355.0,26980.0,1075.0,26085.0,8.9
K7C,17666.0,11.9,81453.0,94386.0,17325.0,585.0,16870.0,5.6
K0C,52154.0,14.7,70388.0,82234.0,51110.0,825.0,50300.0,6.4
K6H,30949.0,23.0,46646.0,61974.0,28425.0,1750.0,28390.0,10.6
K7G,8297.0,15.0,65429.0,96488.0,8050.0,135.0,7775.0,6.9
K0C,52154.0,14.7,70388.0,82234.0,51110.0,825.0,50300.0,6.4
K0C,52154.0,14.7,70388.0,82234.0,51110.0,825.0,50300.0,6.4
K0G,37097.0,13.1,79061.0,92336.0,36635.0,540.0,35935.0,6.4
K7H,15009.0,16.4,67651.0,81621.0,14495.0,165.0,14395.0,6.5
K4K,15368.0,11.0,87488.0,98238.0,15155.0,820.0,14235.0,4.9
K0G,37097.0,13.1,79061.0,92336.0,36635.0,540.0,35935.0,6.4
K4K,15368.0,11.0,87488.0,98238.0,15155.0,820.0,14235.0,4.9
K4R,7435.0,7.7,109483.0,120926.0,7275.0,305.0,6885.0,4.3
K0E,38903.0,15.8,69739.0,81031.0,38630.0,440.0,38155.0,7.9
K7A,16626.0,19.1,60124.0,70010.0,16355.0,350.0,15910.0,7.9
K0E,38903.0,15.8,69739.0,81031.0,38630.0,440.0,38155.0,7.9
K6H,30949.0,23.0,46646.0,61974.0,28425.0,1750.0,28390.0,10.6
K6J,17644.0,23.6,47238.0,58830.0,17180.0,1040.0,16040.0,8.8
K0C,52154.0,14.7,70388.0,82234.0,51110.0,825.0,50300.0,6.4
K6V,27782.0,18.1,56384.0,73355.0,26980.0,1075.0,26085.0,8.9
K0B,20945.0,15.0,67424.0,80285.0,20480.0,350.0,20160.0,6.0
N1G,27330.0,9.3,83425.0,103118.0,26705.0,5245.0,21480.0,6.7
L0N,5050.0,9.8,90010.0,119635.0,5030.0,260.0,4775.0,6.7
N1M,15998.0,11.9,77873.0,89795.0,15595.0,465.0,15270.0,4.4
N1G,27330.0,9.3,83425.0,103118.0,26705.0,5245.0,21480.0,6.7
N1L,14311.0,5.8,104358.0,119794.0,14155.0,4125.0,10040.0,5.4
L9W,44867.0,9.6,91149.0,106910.0,44255.0,3120.0,41035.0,5.9
N0B,80222.0,8.1,102175.0,122297.0,79335.0,3310.0,76150.0,3.7
N1H,43789.0,11.9,64797.0,84298.0,43270.0,6600.0,36550.0,6.5
N1E,40591.0,10.4,79269.0,94881.0,40065.0,4260.0,35800.0,5.3
N0G,83818.0,14.2,67460.0,81308.0,82040.0,1165.0,80800.0,4.6
L9W,44867.0,9.6,91149.0,106910.0,44255.0,3120.0,41035.0,5.9
N0G,83818.0,14.2,67460.0,81308.0,82040.0,1165.0,80800.0,4.6
L9W,44867.0,9.6,91149.0,106910.0,44255.0,3120.0,41035.0,5.9
N1R,42210.0,16.3,63306.0,75254.0,41535.0,6170.0,35330.0,7.1
N2N,26490.0,9.6,94098.0,102831.0,25890.0,6605.0,19275.0,6.2
N1R,42210.0,16.3,63306.0,75254.0,41535.0,6170.0,35330.0,7.1
N2L,27758.0,9.7,60683.0,86099.0,27150.0,7735.0,19710.0,8.3
N2H,21058.0,12.3,58335.0,71286.0,20790.0,1820.0,18960.0,6.3
N2C,16111.0,16.5,53059.0,68851.0,15845.0,4645.0,10845.0,8.5
N2J,18659.0,11.3,60898.0,85742.0,18435.0,3525.0,14865.0,6.9
N2G,13407.0,14.6,48505.0,61667.0,13055.0,2335.0,10655.0,8.2
N2H,21058.0,12.3,58335.0,71286.0,20790.0,1820.0,18960.0,6.3
N3B,12418.0,9.2,87723.0,105112.0,12075.0,340.0,11380.0,3.2
N2M,33221.0,14.8,56576.0,70721.0,32925.0,7405.0,25575.0,8.4
N1R,42210.0,16.3,63306.0,75254.0,41535.0,6170.0,35330.0,7.1
N1R,42210.0,16.3,63306.0,75254.0,41535.0,6170.0,35330.0,7.1
N2B,16501.0,13.9,67375.0,79115.0,16445.0,1840.0,14520.0,7.0
N2R,12302.0,6.9,100298.0,111051.0,12285.0,3925.0,8430.0,5.5
N3C,26662.0,8.2,98888.0,110098.0,26410.0,3945.0,22450.0,5.6
N2G,13407.0,14.6,48505.0,61667.0,13055.0,2335.0,10655.0,8.2
N3H,21544.0,13.4,67367.0,80482.0,20885.0,2015.0,18855.0,6.3
N2B,16501.0,13.9,67375.0,79115.0,16445.0,1840.0,14520.0,7.0
N2V,16900.0,5.7,106799.0,127243.0,16650.0,5505.0,11050.0,7.4
N1S,19510.0,10.9,79267.0,102343.0,19135.0,1315.0,17785.0,6.2
N2L,27758.0,9.7,60683.0,86099.0,27150.0,7735.0,19710.0,8.3
N3A,16123.0,10.4,93899.0,105000.0,15900.0,485.0,15500.0,3.6
N1L,14311.0,5.8,104358.0,119794.0,14155.0,4125.0,10040.0,5.4
N1H,43789.0,11.9,64797.0,84298.0,43270.0,6600.0,36550.0,6.5
N1E,40591.0,10.4,79269.0,94881.0,40065.0,4260.0,35800.0,5.3
N1H,43789.0,11.9,64797.0,84298.0,43270.0,6600.0,36550.0,6.5
N9C,11484.0,25.3,36507.0,46330.0,11330.0,4135.0,7135.0,13.9
N8H,25905.0,17.5,61914.0,79419.0,24285.0,3135.0,21200.0,6.0
N8X,15575.0,21.3,44928.0,56272.0,15340.0,3600.0,11815.0,11.0
N8Y,18935.0,18.7,49688.0,62873.0,18640.0,2435.0,16390.0,8.8
N9E,20688.0,11.2,88297.0,108087.0,20655.0,6025.0,14640.0,6.2
N0R,46403.0,10.3,89643.0,108965.0,45245.0,1795.0,43130.0,4.5
N8P,12195.0,11.5,87643.0,108494.0,11855.0,2345.0,9565.0,6.0
N9A,25160.0,26.5,31730.0,45683.0,24115.0,8895.0,15190.0,12.6
N9C,11484.0,25.3,36507.0,46330.0,11330.0,4135.0,7135.0,13.9
L4G,55445.0,5.9,106708.0,147604.0,54705.0,14695.0,40010.0,5.9
L4L,54282.0,11.1,97503.0,130119.0,53535.0,11320.0,42085.0,5.2
L3S,56117.0,13.1,84688.0,102044.0,56120.0,52285.0,3805.0,9.1
L4L,54282.0,11.1,97503.0,130119.0,53535.0,11320.0,42085.0,5.2
L4C,71152.0,10.0,74046.0,105019.0,70615.0,31195.0,39300.0,7.4
L4P,28916.0,11.1,85733.0,96479.0,28615.0,2765.0,25875.0,6.5
L3Y,44469.0,10.8,82755.0,104741.0,43015.0,6750.0,36240.0,6.7
L6C,50929.0,6.7,98251.0,124663.0,50910.0,45230.0,5795.0,6.4
L3P,37764.0,9.0,100291.0,125718.0,37410.0,18230.0,19290.0,6.3
L4J,77214.0,7.2,97967.0,136722.0,76555.0,24340.0,52160.0,6.5
L4H,68382.0,7.7,117095.0,131281.0,68375.0,27440.0,40960.0,5.3
L6A,85794.0,7.9,108180.0,128182.0,85315.0,37140.0,48300.0,5.9
L4L,54282.0,11.1,97503.0,130119.0,53535.0,11320.0,42085.0,5.2
L4G,55445.0,5.9,106708.0,147604.0,54705.0,14695.0,40010.0,5.9
L3T,50669.0,8.7,79455.0,112212.0,50455.0,29485.0,21025.0,6.5
L4C,71152.0,10.0,74046.0,105019.0,70615.0,31195.0,39300.0,7.4
L4E,52207.0,6.3,108774.0,133254.0,52160.0,28305.0,23800.0,6.2
L4C,71152.0,10.0,74046.0,105019.0,70615.0,31195.0,39300.0,7.4
L4G,55445.0,5.9,106708.0,147604.0,54705.0,14695.0,40010.0,5.9
L4C,71152.0,10.0,74046.0,105019.0,70615.0,31195.0,39300.0,7.4
L3R,62298.0,9.8,82036.0,112278.0,61755.0,50070.0,11460.0,8.0
L6B,29411.0,7.8,105149.0,115744.0,28995.0,23480.0,5480.0,6.8
L6E,36356.0,8.9,96604.0,109910.0,36345.0,31750.0,4585.0,6.4
L4G,55445.0,5.9,106708.0,147604.0,54705.0,14695.0,40010.0,5.9
L3Y,44469.0,10.8,82755.0,104741.0,43015.0,6750.0,36240.0,6.7
L4H,68382.0,7.7,117095.0,131281.0,68375.0,27440.0,40960.0,5.3
L3Y,44469.0,10.8,82755.0,104741.0,43015.0,6750.0,36240.0,6.7
L4P,28916.0,11.1,85733.0,96479.0,28615.0,2765.0,25875.0,6.5
L7B,14863.0,4.8,128695.0,196233.0,14755.0,2485.0,12395.0,4.2
L4C,71152.0,10.0,74046.0,105019.0,70615.0,31195.0,39300.0,7.4
L6A,85794.0,7.9,108180.0,128182.0,85315.0,37140.0,48300.0,5.9
L3P,37764.0,9.0,100291.0,125718.0,37410.0,18230.0,19290.0,6.3
L3P,37764.0,9.0,100291.0,125718.0,37410.0,18230.0,19290.0,6.3
L3S,56117.0,13.1,84688.0,102044.0,56120.0,52285.0,3805.0,9.1
L3R,62298.0,9.8,82036.0,112278.0,61755.0,50070.0,11460.0,8.0
L3Y,44469.0,10.8,82755.0,104741.0,43015.0,6750.0,36240.0,6.7
L6C,50929.0,6.7,98251.0,124663.0,50910.0,45230.0,5795.0,6.4
L4S,35803.0,7.1,100683.0,116058.0,35345.0,27605.0,7975.0,6.8
L4S,35803.0,7.1,100683.0,116058.0,35345.0,27605.0,7975.0,6.8
L3X,42239.0,6.4,113801.0,135935.0,42180.0,15080.0,27125.0,6.3
L4J,77214.0,7.2,97967.0,136722.0,76555.0,24340.0,52160.0,6.5
L4A,42174.0,8.5,102022.0,125112.0,41705.0,15600.0,26080.0,5.1
L0E,20497.0,13.7,74022.0,85858.0,19820.0,1075.0,19050.0,5.7
L3T,50669.0,8.7,79455.0,112212.0,50455.0,29485.0,21025.0,6.5
L3T,50669.0,8.7,79455.0,112212.0,50455.0,29485.0,21025.0,6.5
L4L,54282.0,11.1,97503.0,130119.0,53535.0,11320.0,42085.0,5.2
L3R,62298.0,9.8,82036.0,112278.0,61755.0,50070.0,11460.0,8.0
L4J,77214.0,7.2,97967.0,136722.0,76555.0,24340.0,52160.0,6.5
L4J,77214.0,7.2,97967.0,136722.0,76555.0,24340.0,52160.0,6.5
L4L,54282.0,11.1,97503.0,130119.0,53535.0,11320.0,42085.0,5.2
